_id,signer,manual_verification
6782af7689c6edab0d69af3c,Dmc2LWLxiGjA8Gcq1QW4eX2UJKMpakDmBNKfrbezUrrp,HUMAN
678284f589c6edab0d013595,3FvrBcTbdhjTMuDCnWRrE4PERKkyjMN4eGFMD4duvgNM,BOT
6782c3c089c6edab0d176843,qEHGY4cuSopePEEDJqM7tVqTFSdUdaoKgLHJGGyvoFB,HUMAN
678275db89c6edab0da8b06e,22kr1ywBedk7ywkjeEjrG4JNr24gKnuwfAQQadk4hQYW,HUMAN
67827fd389c6edab0de10e14,2F8q4xzrtCY2gqXMQYLpiC2PFwYqUmVZk2UWkvCmW7aR,BOT
6782835589c6edab0df78f11,2xHaWdRe8F9LaLPjUnPR2j7Bw54fqTPZXLb9R69oKLvV,BOT
6782b25589c6edab0d8439f2,EY5NejV63Usx3hACguHKjAXghrESmEx67UwRLZBf56p,HUMAN
6782b16b89c6edab0d7bb29b,EHpK52wLZnKAEVKtioYRiM8aqVgo4PUXuMNuEF1L78w8,BOT
6782bb1889c6edab0dd28d8f,GoCSDmczW3Krg6W8eGbiW1LUXvD3FyZrbsHcJMfgoZWp,BOT
6782aa6389c6edab0d3c6a89,CTuNddd2bv3mKSppowaX4YEeYEuHmFFRHEFwFNygFiiz,HUMAN
678284dc89c6edab0d00dc41,3FJCuPGmoW5Y4hZStgcnqAPhweccbYmFGnmhG7ikm9BJ,BOT
6782a82a89c6edab0d2941ec,BuqQuw1177qgaj2evZAd4dKRxor6QtXWzFHgxFERLxF4,HUMAN
6782a10289c6edab0de9b377,A5tGBENqBaJPFgXndmxin6ZnKxP6uizferbzJZwLPXUb,HUMAN
67828b4689c6edab0d2cf373,4dpQcCx4eSzPWGP8axVmTaAuUf4QtkSfv72nwuzPTD3G,HUMAN
6782bd4d89c6edab0de63dd2,HNCzkUenFbmhtjga5Vc7Ks2iWuQ7LTfKcm56Jzz8jpFJ,HUMAN
6782a42a89c6edab0d061b47,AuCRiHo53D3TNrVw6roeaUHY1FFzK5TxxRdXDNN2wKCH,HUMAN
678278de89c6edab0dbf38cd,3Jm6kVxYwXBatbz8SEBgRu9fHsTJ9DpaHXPUooWjTZrS,BOT
678279ef89c6edab0dc6ae08,3jBTKrXL6bo6hyCs7AhRRytvC4YYSnwaaVfWkYE73hfr,HUMAN
6782a6ec89c6edab0d1e192c,BbEERUZ28vhoYge1yy5x29679MFBcTga3yN88dLqmi7w,HUMAN
6782bee289c6edab0df4055c,HmG1dvDJiG8XFTrowQj1FBxWkgta4utkEWMFExCxeTMi,HUMAN
678299d089c6edab0da83847,8CTB5msstEmPVQv2SiWeouKirrLwjMjuiqAMeyv8TZjU,HUMAN
6782b19389c6edab0d7d26e0,ELFTemZeHAoSbW6vFkQZPexPBBzNYDYGhJnM3nsrigjh,HUMAN
67829e3889c6edab0dd11215,9NmyWYDE61UfmcpYoFEhjUmdvGUvhSTCzWFCNqSEUwrJ,HUMAN
67827ac489c6edab0dcbbf7b,41oAFquxLY1tgA7n5hwP27jcHoD1vu5GUae7kVYwUG1q,BOT
6782bdb389c6edab0de9a87c,HTvA76cPSqzMfgccoLxfgGuV4mSL6vLSLRDLnVmv1RPC,HUMAN
6782bf8889c6edab0dfa054b,HwJEopnfcG7eeDMW1UfN2vx42NprVg8uvziPFwWaZdyr,BOT
6782a18d89c6edab0deece8c,AENpzMxXY5rPEoA5ZzVi6RducUYWC3cFSAS1p75W3sb2,HUMAN
67828f4089c6edab0d4d579b,5aMUHFDqLQU3cKbk2rTbzLkDLHdKcbx3gMsMdj2Bz69k,HUMAN
6782adf489c6edab0d5c0369,DNjZAvozGy5VsmymB9GKbxe7GzFQ2X8fFs7Qdx9XBUiL,BOT
6782c31289c6edab0d142b8f,k7FVwjGPqCVqw4pgsVBmdnpBxELXF1VAzpZGx9zwHbQ,BOT
678290ba89c6edab0d587fa0,5u3XnT5Ry2L4uRcjn1ESzW7JT3vKHKhJ9jWyKboxnv4d,HUMAN
678286a989c6edab0d0b7a62,3ah6a3QRcKy5Q3yJVkPnwj9H7YWvLNn6aBGoUFjZPnYW,HUMAN
6782a74c89c6edab0d216c25,BgnXTF8pkjUUjmB58Ld7mHE9NQHYXv9ozMp74yoV6bzi,HUMAN
67829f9d89c6edab0ddcdc3d,9iUuB2uNAjgdMHGSm2muUbhcYdqpcVzxSxt1kpQ6vxNo,HUMAN
67829bcd89c6edab0dba692d,8itjJGr24bQ6MvMCimCa7ZZXFKi3DEJRqqdsZdUEwX5z,HUMAN
6782b5ee89c6edab0da499d8,FUDaedQkrpL7s22Wnv29TEzsTpCaY1UrvJuMrRAxqKks,HUMAN
6782ab3d89c6edab0d444c47,Ch8BkiXKzFqz18LVLRqufQ2qAKxuahrtNNnUHsdzxUVR,HUMAN
6782c23c89c6edab0d0e55bb,aK3ExpC5NRyGHgWpnKupyeaKZkgfQKNMdarQPsS3C1S,BOT
678297f689c6edab0d96d137,7hFhmCivULHZorNVGyD78d9h1QTrk8VLWUgLPCQp9ETd,HUMAN
67828f7589c6edab0d4f07b2,5dAbrg5BL6LtWifiZcdr9c8HPyvRHAogfjdaSJ6yAQEY,HUMAN
6782817a89c6edab0debc3b6,2ag9zdtscq9TiRTEUHArVsJmG1LvfuRCNxDAStohY8rD,BOT
678288f889c6edab0d1ab4de,44XYAzxGej15T6toSr3N82cTWtsCX8uvhxVXBucun2jB,HUMAN
6782bec789c6edab0df30990,HjcNJoJobLGF1Rw51rztHmMMcv2UCvEotsahMQhDLYde,HUMAN
67829e5b89c6edab0dd25dcc,9QxfMcUrRY8B2TabqsYfG1GTxw6CxVo1TGwMTSfXZbDD,BOT
67829c3389c6edab0dbe53a1,8qTQFzEX6NnBpJtYkAyaNzrapz7f8MDnuU9P3ahHrHX,HUMAN
67828d5589c6edab0d3e5924,59H3P9SHEgVtDXor6rAQS2afHftU2nbWMidk6ZX872do,HUMAN
67829a8789c6edab0daec8f1,8PU3oJ39TNhbX66brBKXemCR7gQgBQSsJaRudcUFhN6T,HUMAN
67829d7f89c6edab0dca5e9b,9Bc4u2RZUbexq71DRstz5yzKD8ETN4ZU8nx6XS9kwdHT,HUMAN
67829e6089c6edab0dd28aec,9RFKZBjhym48dW9z2HgAAWFAsQTZ4N4bLtpr8vjKsdSg,BOT
6782b26f89c6edab0d852a1d,EZfqsRzAMKet2WNfXcZWZgwSbYgyDfhAEo6JhhZdjuDu,HUMAN
678277ed89c6edab0db95a46,2yUJrNSmY9jYbGkcurMRQNrNii3kJ66ZSCsGgf6xsfj5,HUMAN
6782b0fa89c6edab0d777e26,EAmTajxdXmfikqNDv2GhoVH3yn5R28CK2HYEe6tXgcw7,BOT
67829e6a89c6edab0dd2ed5d,9RtQ9CMuxob6CBZx92F6BgPFH4rvGWQHDWLvsZSeF1VA,HUMAN
67829b4f89c6edab0db60ab2,8bYcFKrSezrkXyZrDpzVhnuTtyGWJ5mtXRDXYTK4W9VU,BOT
6782aa8f89c6edab0d3e0829,CWcPkVpn6XgQEjrTE3JsRyYCLaxEhMGYg48ic1re6DZJ,BOT
6782a39689c6edab0d012546,Akya1NGRF7h6V4nexzEM955urEpNMemv7Z2r12ZSonYY,BOT
67829f2989c6edab0dd8e5d5,9bs1ahW3hkvcYPbwtgPxck85ph9mUwUUutWCb4H3Vyho,BOT
678286a289c6edab0d0b4d87,3aNuSvr84W2RK8g6VG3M3ck7aepbYUoUdSf9Fc18pfdQ,HUMAN
6782939189c6edab0d6fc5cd,6a3QKKVe2Kd8jQRmZdKy1qvyCaU74U18DNJ2qfqqkyYJ,HUMAN
678296dc89c6edab0d8cd126,7QbSUNiKEKhzth3ZYvc3NEQce98Ktea4k6S4mogBLBtx,HUMAN
67829e1d89c6edab0dd0132c,9M7ESw3nqFPyQ29m4BYmuniNrqb6dtd5U7fiB1g5jkjQ,BOT
6782933389c6edab0d6c6c8b,6URYx7J3ZtUhfgUr9Jrkjaie8KRrLUVW3XqVKauVVnvs,HUMAN
6782b57d89c6edab0da0d74e,FMvyj6q5gKWiJx9qtmKF2k3cCtEPVtaFHuCV1BRjXwio,HUMAN
6782c3a789c6edab0d171f7d,pka3FDdAS64D9HEMEJ2ecqyAJrGmDZSkimLAjFxpL13,HUMAN
6782b7ea89c6edab0db63ad5,FydbA2SVeu2iQBDd1Lf7wPtfmiApwGYLqTB4GUy3kghG,HUMAN
6782960689c6edab0d854c57,7C3vxcD5NfU7aYws4FRcaYGB2KkFcrjPX7L7uE8qNZw3,HUMAN
678286fd89c6edab0d0da146,3edfmcRzkhnwG6F4Gc9Dep83QMSR7SYq4DKXjkorAreo,BOT
6782a6ef89c6edab0d1e36b0,BbRdDDRLh9wxyXAiGuaQBdChzjBo72DpqfKDaKv3Errk,HUMAN
6782a0f289c6edab0de9164b,A4sH8zoL32AgGfvqTsAZVmap6cjQJjDgcDHMbAGnKFJU,HUMAN
6782845d89c6edab0dfe1112,3ACDw8wS6sDgj1Yh7Cb7ibpJCKfSFdgTSPeqjieaz58X,HUMAN
67827aee89c6edab0dccf1b0,45hwVXJU1Zr9UKnjsNNjDqLtYZfPAnVuybV3fvoE94Tq,BOT
67829ebf89c6edab0dd56d2c,9W41gpb8urAjWkqvoRJovZK8ktdefx6krJMkk2W5nfqk,HUMAN
6782b98e89c6edab0dc5099b,GQSzVn4FbNqjwKNhJfbAfXv2qmkgDcE5qkD9suMUjUEi,HUMAN
6782c2fd89c6edab0d13a7d9,jEpa4ZpuwNZfrE19romobc5D6EDSNPs6SWmCUTg8aGg,HUMAN
678296f889c6edab0d8ddd84,7SLEuMTQAU5BEgpYUKC6mywxittrQrj8ZEXPCgcvXFkB,BOT
6782a51389c6edab0d0e227e,B8YKorsFz9qQEyEMj8vjrU6Do9zccP9y9sPuvWqJRhJi,HUMAN
67827a9b89c6edab0dca602b,3wH3btctMtTikh7EV6QZ1DKCb27qCADE3ndQu8etJ52s,HUMAN
67829f3389c6edab0dd94462,9cUPxSwR49qr9nDcmaaqBM973WJuBj7vvHEVcs6Fd4Zb,HUMAN
6782897189c6edab0d1dfde4,4AXJHvzw4XycQNffsQbjNe3quDS1f9owqocMT9zHeb4L,BOT
67827a7389c6edab0dc98c97,3tah4rGCFuY8H8tZojWmkVG9aYiVpKojKMdwaFDHZ1Lo,BOT
6782c2d789c6edab0d12760c,hEuLVhc13rhhmqVVV75jjkCnLCstWCyVaKB7G2Y7VxE,BOT
6782aeea89c6edab0d64e26f,DdYwwjDCvv6r1Zd8xeuzju5LLCjMMNWreYc4n4d2iyam,BOT
67828aad89c6edab0d27c4e7,4UQ6ZGdLTzxn1mSWGqjcxbNRr4Bjs6D2YmZGHgXQsF8F,HUMAN
6782b98489c6edab0dc4a0d5,GPm7M8ptowim1Za1eabRwu7gHQkHcxYuxsHp3TWtvwrm,HUMAN
67829e5689c6edab0dd22e80,9QeTHijQnfN3XksDodvSC7ND5MFZeTB6q8fNjnepAUQw,HUMAN
6782998989c6edab0da595b6,883JbnZEQubLoBpddgak42BsubvtztY8c7cRbh8FJnvz,HUMAN
67829f5289c6edab0dda1cd4,9dt3UHCFZPAYoHL9ACUP2hYP2Se1EmbnV7FoRJCN19vc,HUMAN
678276ae89c6edab0dafc75f,2S18YUv8W2SUSk7XJNZxnrF89dVC4metkx8g8FZBRxb3,HUMAN
6782b19989c6edab0d7d622b,ELdrjonzjuk1JGtnkdf5ZVMDp8FEJN3KYsd2uKjxsLFL,HUMAN
6782b51889c6edab0d9d4804,FFz9rYQEUKTocqsvYJyt6JRdW9eowtxYTdRFmBEZxut4,HUMAN
6782871089c6edab0d0dee6f,3fB93DvG7x1j2DbAaFA9WQ7BWcMko86wkytFYwnAgM2d,HUMAN
67829b0f89c6edab0db3b191,8Xci3vc7xd7wzm5p1gW9Z5wf6STu4Pow9iLqoypfRUKJ,BOT
6782c21e89c6edab0d0d618d,Yg1ZpJgZM3YAus5mRxptJgwjn6DBhgMX8EKrGrSpVE8,BOT
6782b89f89c6edab0dbcb905,GAWDMGYHzMxMeHzFYHTPfTCLfJmBqdSg3BfpfZrsrYkm,HUMAN
67829cb989c6edab0dc328be,8yYNYCWZ6VLf8JwRgfzmvhBJAnr97Thgme6uE8TnYyd,HUMAN
6782938189c6edab0d6f3b12,6Z99Mwi12B3kKRpesFtFGXJvmyL4WUkXV2YKGDEo9bc6,HUMAN
6782bc6c89c6edab0dde2ee5,H8gswGAj8faqkJ89NVsiX6P4BmAr879bjcYERLSvxgsM,HUMAN
6782bdf289c6edab0debee6b,HXh2tr2bnExFb5W442ULEh3YEFrainWpa6xjDch5ZDjZ,HUMAN
678275da89c6edab0da8a855,22ewUH8cEdxP3cAxSMNWDLYLThcGtU1YPD6WGRYPMdWb,HUMAN
6782ad9e89c6edab0d58f4b8,DHepXQ8QUEJqW2y3PkvMRgMczd2oQJoYSpgGxGdZuqT9,HUMAN
67a25431a38fa22948b5142d,AKrcNX2bPRmufPNQVSyWbouvDSzrY31fTz1DvFGEG5BN,BOT
67a242e3a38fa2294829a598,6JjzpwKQa1ipPaRAsbBeTcXjtfrvhA5pdnpWbPAFhqRx,BOT
67a24d37a38fa229487d9ebd,8jFTQC5TWpCABzuNDq3g6TWHbmjPkkbdkd9Y62J39wTV,BOT
67a241d7a38fa2294821a85c,65NgAo8vZ3uocq2317jvn6wKHgpY9bcfCsmL8cb2K8U2,BOT
67a2402ca38fa229481493a7,5hTDLG1Md1FFfJdTUUqqz3dDiSZCFKski9QjUVyxKuVr,BOT
67a2598ea38fa22948dff4fb,BZJrTNKBN4Bn8xad1qGhtYNxhm5BvHaGhxEkQq1xhU1a,BOT
67a268e5a38fa229486489a7,FP4g318HhSb1Ef2MQYBAh4x8CWH9zYjR9W7WbMnPWtL2,BOT
67a2310da38fa229489cbbbc,2CSrgeVcMMnHmM3JD8A1sAzt7mhvUWD39DCrfsXHofER,BOT
67a2740ea38fa22948bf377d,Hzu2fox2kUQhcZhdhvUzqgdiprA7SLpYzUqenGwY5yTw,BOT
67a269eba38fa229486d7b9d,Fe1o3Wc7YTyXijLu9eAurU4jWBJqxTsdig5wM75GeRfW,BOT
67a24746a38fa229484c94f8,7KDRQxFhJ2sHEMEpsfm8jD6FdsMxQH3Z2kBoRwJa4DCX,BOT
6782755a89c6edab0da67a1c,11LhdxAzYUi7uGwT48grz5dgHrDYcMzGS7kYzjUYssQ,HUMAN
67a27922a38fa22948dece92,xfTgP6EDn2r99XNRCXK8SziznqvUJSCM4ftYMGy8ZgQ,BOT
67a261c2a38fa2294825fdaa,DaNFvEsa4Xkne93JCkXyqrQRad7pCtpT3Kd4rvt2eVpY,BOT
67a25467a38fa22948b6a130,ANSqn5QHeCPJp244FYW9YNPUmKWBMaeRdSqr57QKDt36,BOT
67a23e0ca38fa22948048d2d,5EeaF2FsvpahLGm269Uee8Ab4Rf3Con5a9ycaDFe9J13,BOT
67a240e6a38fa229481a251d,5rpTwoCouTacYkwcQSNQYSTmSYyrT7iAg4XuGvt8EKPK,BOT
67a27383a38fa22948baa8b0,HsJgGPXmRKpxXpVSv9Bo9ZRBmL94goirFPurY64yUuRh,BOT
6782755a89c6edab0da67a07,11Hwrsdj68wSAYsLrdy2CAVBzL2FVbD1ui88TNn1wKZ,HUMAN
67a25403a38fa22948b3a298,AHSRMt3Yvt3Lg5V7zCM5stftFa4GPeBDtr9vVoiG98oJ,BOT
67a26a7fa38fa22948724dc3,Fn3b3qUwL4RSf5nUBf7WppveZ67XvF8AEsrurbfCfi3L,BOT
67a2712ea38fa22948a839f5,HLTu9cZzv1H9LQcFhzdBSTGc5g32vEQZR1nstfEK1wu3,BOT
67a2633ca38fa2294832e607,DwyzvnNxBKWLMayNFJkV76FJVvxbMgWjmvwYe9MGz9WZ,BOT
67a26133a38fa2294820eb67,DRuHjYMvaMPpcLhjkPtSfw8Nx6a27HjdT6BB9AMTq8G6,BOT
67a25852a38fa22948d56637,BFgcGQ7RxEUNdWAG3ThTFbWhEnXBettHRZWvNvtGyAkW,BOT
6782755a89c6edab0da67a19,11LZDcxWu5b38YVC9QGLMuduhZEHiVe7yMJzHsixZEy,HUMAN
67a26777a38fa229485851b1,F2f8chiThLJprAr216DjXggBRKexMpeT5x1j2JUUV5Gr,BOT
67a27163a38fa22948a9f671,HPMrKBswtETmFucg2fvZcZiovFpWnco2NXiYQimuuCGd,BOT
67a24e73a38fa2294887c9c7,92HyUPRVRvYQ1AfumgHD3pgej8wkDKBrXNHoby6wHtNN,BOT
67a23824a38fa22948d51fae,3rEWwQAFTRJLynE8qy4oaP81jwWDtaiMNnkmBKroehys,BOT
67a24d00a38fa229487bf52b,8gTSHndDpP52t9srcS83TQEyqWnQaav4f51VKaqBjKyQ,BOT
67a24c4aa38fa229487618bb,8WdmrV2cK2LT2PoEv5stZ8VnhwqF6BfjSx6SsfMkYnQN,BOT
67a270f2a38fa22948a63acd,HH745KswqjYB8gLUp4jzVBq6P3V5tQgXcvVNtWmbBtp7,BOT
67a278d9a38fa22948dd0cdf,uezPmcmcVkdCDuXnXdTcjo3jJdLyCybmE9ZEk2qBSQw,BOT
67a276b7a38fa22948d0d746,ZR4qVpddPkYn7tnoUr4GEWDFnhiaWjBybxm6dK5P9nk,BOT
67a25203a38fa22948a3c474,9q1CnJe3NkY9HiLC9bXZrN7aihK2o638DtiRPFQrjpoW,BOT
67a25ecaa38fa229480ce6c4,CrTXrxdzBDwwA4EzqFdUfvttL89hFhgzf6jyeJ28iSQS,BOT
67a26e82a38fa2294892fb0b,GippyB4yhqAwXW1XvQeDCDziALD1SYMJCNzmVLhEc1fi,BOT
6782755a89c6edab0da67a22,11NsbbarKZPiwJckqaWF2nh1DUXgHC7kv86zRwJqdF7,HUMAN
67a25ff2a38fa2294816b786,D8pw33u13xrZdDv2wM58d1J5FHEAEMD5V4so5K3xvpKs,BOT
67a23530a38fa22948bd4da7,39oxvPXSYANcXHZzzZ6XEF5RP83RMzrGZpSk7owdMeFs,BOT
67a25a26a38fa22948e53ab6,Bi7YUELYkjHwYrY3ppz35ZdBpLq5GvoVcur5R2jhphyS,BOT
67a24360a38fa229482d9775,6RNr2L7uNDEVPM9vnaw7Awi9LqV7F7hWLJBNCXoHkSZW,BOT
67a256e7a38fa22948ca8ae0,AwbRhgABrbKf97RHGnFbTCipknoGwek5iEC5sYUdztaM,BOT
67a25f7fa38fa2294813235b,D2tsqcfY8so2KfpGMTW8G8KowNZwHrH5amqoVt5xkdfc,BOT
67a25cb0a38fa22948fadb85,CLHDPz6AWi43xNkWxBTQQeZzLZPrFwwPgx3g67kcb3e5,BOT
67a26ff3a38fa229489e6198,H3wrFURjTp6huA8Hju6H3GbnoeSePG5GqAzpftSwy1vT,BOT
67a278d9a38fa22948dd0cdf,uezPmcmcVkdCDuXnXdTcjo3jJdLyCybmE9ZEk2qBSQw,BOT
67a276b7a38fa22948d0d746,ZR4qVpddPkYn7tnoUr4GEWDFnhiaWjBybxm6dK5P9nk,BOT
67a25203a38fa22948a3c474,9q1CnJe3NkY9HiLC9bXZrN7aihK2o638DtiRPFQrjpoW,BOT
6782755a89c6edab0da67a13,11KcY5DvuikikTmSyc8b2nJ172ka4c9uVkckBUWaSbf,HUMAN
67a25ecaa38fa229480ce6c4,CrTXrxdzBDwwA4EzqFdUfvttL89hFhgzf6jyeJ28iSQS,BOT
67a26e82a38fa2294892fb0b,GippyB4yhqAwXW1XvQeDCDziALD1SYMJCNzmVLhEc1fi,BOT
67a25ff2a38fa2294816b786,D8pw33u13xrZdDv2wM58d1J5FHEAEMD5V4so5K3xvpKs,BOT
67a255fba38fa22948c3514a,AjbEgFxjjUMLvtefqqCX9yr32n7nTLKLoC8PQnc5LuGB,HUMAN
67a2333ca38fa22948ade821,2hbEQLd9MGDSRzbn4CEq39Pzc6SNbpn9Kn1g1VUy6c5X,HUMAN
67a23a85a38fa22948e822e1,4QYHyRALBtUxpRNXqJeUhCSzgLoJK94NHBm89rg9VhNC,HUMAN
67a26e55a38fa22948919d4c,GgYzBTWEeGVhz9SDDKkVN88DFz8rqUWABBbutZCf1WVD,HUMAN
67a26799a38fa22948597ce7,F4cwpaCmLPTGr6uQUV5ZEZbeVLWVf2Tt2VZuuCo4wWGN,HUMAN
67a24297a38fa229482785cb,6FALFR9Mxn2R2PwC6F7heorQTFYQk2wQAro3ukzZPoTx,HUMAN
67a27345a38fa22948b89837,HorSC7NqdZaATBAZbrmdzAMMHmCLgGvP2J5qmUDYAJ3Q,HUMAN
67a252cba38fa22948a9c344,9zysEEBPffXd3F3fqwnN7K7M1VorLePM7xfs3a8z9WFn,BOT
67a2486da38fa22948561022,7b1bFEQMNBjb9XATwXAMbXh3oiFanSpRVouBjWkef2rq,BOT
67a25f37a38fa2294810b64a,Cxq19dFmnDH9Pnz5JFvjX5fhLgYxdTjNMutURdCUVjAu,BOT
67a24abba38fa229486930b8,894EGCraUDAUMWwGwpNgHmKENxpuzPfQCSwPuZShVVe4,BOT
67a26491a38fa229483ea648,EHiShzFV6nYDneFPBWE7m27xQeZArQaLYpKsnx8FSgfo,HUMAN
67a23398a38fa22948b0e3d3,2ngPUBvji2kUh4S4YdHsoa7jh18F6Noj5R3tq8G6n3wd,BOT
67a24183a38fa229481ecf3c,5zc4N1eaiwgE2B2CMAhryQMsAK249xxSJvkVLDhMzQZ4,BOT
67a27015a38fa229489f7811,H5mk3jpPtYuVCMWYENVBSwwwxm8ZvkPhJtdCi56LWvgk,BOT
67a23f79a38fa229480fa085,5ZBrW8uTWqpYC9v3pwis7jkp39tPjQwB8Y7MffE6bV2d,BOT
67a244efa38fa2294839ddc9,6muQPLcH9o7ofk7Rr4suJERVhLpmWd1pDXvanDfULSTR,BOT
67a25e47a38fa22948088ce1,CjDAvvRwoiY3zMab9sXwKMqrjmXvP39Rc28J8LUh5n22,BOT
67a27508a38fa22948c679e9,JD2q5TwoQA2GiY7ZgziMp5nzDbf8wGGXvR1NiJjsefkm,BOT
67a240cda38fa2294819594a,5qUsSCAi8EmCcuK276jKHPHPq1VNu6mXSujEzLUL1AzM,BOT
67a23637a38fa22948c580a3,3Pj2KrEzGbTvSfbpqFjKxN7CeoTiibdvT3MU3m5H93hr,HUMAN
67a2726ba38fa22948b1b943,HcKJ1S9xjYNSpdnfAwmsBjuu3gXk2c2AqvR8zeEPNp3k,BOT
67a26358a38fa2294833d54e,DyYk4AzqmZ9Sx1zPd6hPKsGKyi1ieSYnhvcare66xHf6,HUMAN
67a260eea38fa229481ebb15,DNFEPRxLqvRkcuitaQ41hLctRoMB8zAJXmJTG6bau3jc,HUMAN
67a26f1aa38fa2294897d9a9,Grz2auwAmDG854cTar7ZXWKWEF5FRQdBP9AU2JieiWPN,HUMAN
67a24890a38fa22948573b3c,7cyUivWcgTiiwkBNdv7e6CjLju4pgx318ENg9apWDo2C,HUMAN
67a240cda38fa2294819594a,5qUsSCAi8EmCcuK276jKHPHPq1VNu6mXSujEzLUL1AzM,BOT
67a23be6a38fa22948f3795f,4jrYnmogXE97zn2GrX6Mb5uaNmvQYfsueabuaRrEwpmM,BOT
67a2519aa38fa22948a04a9e,9jD1aXxBi4Xm3JgTLGSKbcbpYonScs4PMvmRb55pQmmM,BOT
67a265e7a38fa229484a9d7d,Edj7jmnZpDaqTafrtTZwpx5BRikX81eB7oRiVrJ851eR,BOT
67a26d5ca38fa229488a88bb,GUbqgo8xS9VGhuoPSZUA7VKqTs3pL5wrDCuLLjn1tqtY,BOT
67a270b4a38fa22948a4336e,HDidXr5Q3Bqk5aRHKwv2gcb7RdBxHaq8y3AED3zNsyRx,BOT
67a24151a38fa229481d2d04,5wt1CR3QqmsmsrB4VQim5x2s9iFKz6aJnB1CJxshWwx,HUMAN
67a237bda38fa22948d1cca5,3kbeSJXm6bZtBAr7dDMgz9PaRMbiJs1cYKocLmJFGoGC,HUMAN
67a2566ba38fa22948c6ad36,AqAhGFUmDaiNnDTmc1vCJpr9nwCSi7vufc86pRo6uHqc,HUMAN
67a23ad0a38fa22948ea9fb8,4UntbYofY8qdwEFR7v2U1aQhEu5uQ3DWTTQguipEUDhZ,BOT
67a24270a38fa2294826610e,6DGPmL2V2NcewJfooWBcrD5JvMS7MyqWtqar8BmxCHVR,BOT
67a26b70a38fa229487a8ceb,G1orvmFEoBz9MJy8rr7pcsPq5sDc4TSUtMmcDG6SfrBL,HUMAN
67a26460a38fa229483cdedd,EEimZNab5Bf3TzLNat8fPuFzjXEFhmxqpknEVg9UM5f,HUMAN
67a24257a38fa2294825b5d2,6C9UBNCEJxAFkiayKJmSFbujp2uMeSeptGgrioyWq36j,BOT
67a264d1a38fa2294840f1b3,EMYkEQkfMVQNuxvCyh9q7kH8qmM2pGHohp3mgpTne1LZ,BOT
67a25078a38fa2294897bdf6,9Uvqmo7r6m1CupT9KsVDaVruJsRqeKAYKeU4WUBxGu9D,HUMAN
67a261b2a38fa229482564fe,DZNuMHy62tPYWd4vuDrJfSvxs2tP4o5DT2Ws25QTMHB4,BOT
67a23109a38fa229489c9b1b,2CELG84h8sXgc5f1H5xrZ2GndfWXBVg14hYHBMeb282i,HUMAN
67a25b67a38fa22948efa938,C1W6S9Kt27ptkSCbgkumUfLedmEdbE5Fkm6xDkdMogRb,BOT